date,item_id,quantity_purchased,historical_unit_price_ugx
2025-01-15,ITM001,24,452
2025-02-15,ITM001,45,474
2025-03-15,ITM001,27,523
2025-04-15,ITM001,79,458
2025-05-15,ITM001,64,453
2025-06-15,ITM001,21,471
2025-07-15,ITM001,74,510
2025-08-15,ITM001,35,521
2025-09-15,ITM001,79,491
2025-10-15,ITM001,67,508
2025-11-15,ITM001,10,525
2025-12-15,ITM001,30,519
2025-01-15,ITM002,53,2388
2025-02-15,ITM002,37,2728
2025-03-15,ITM002,53,2301
2025-04-15,ITM002,58,2298
2025-05-15,ITM002,54,2551
2025-06-15,ITM002,15,2614
2025-07-15,ITM002,78,2312
2025-08-15,ITM002,58,2289
2025-09-15,ITM002,47,2664
2025-10-15,ITM002,56,2538
2025-11-15,ITM002,18,2272
2025-12-15,ITM002,39,2636
2025-01-15,ITM003,20,1071
2025-02-15,ITM003,22,976
2025-03-15,ITM003,68,1027
2025-04-15,ITM003,56,932
2025-05-15,ITM003,55,941
2025-06-15,ITM003,44,1040
2025-07-15,ITM003,19,1021
2025-08-15,ITM003,31,1006
2025-09-15,ITM003,41,932
2025-10-15,ITM003,58,953
2025-11-15,ITM003,38,1036
2025-12-15,ITM003,17,945
2025-01-15,ITM004,14,318
2025-02-15,ITM004,61,286
2025-03-15,ITM004,37,324
2025-04-15,ITM004,50,282
2025-05-15,ITM004,73,293
2025-06-15,ITM004,68,278
2025-07-15,ITM004,27,284
2025-08-15,ITM004,78,285
2025-09-15,ITM004,64,323
2025-10-15,ITM004,61,291
2025-11-15,ITM004,27,300
2025-12-15,ITM004,21,315
2025-01-15,ITM005,24,186
2025-02-15,ITM005,30,211
2025-03-15,ITM005,64,203
2025-04-15,ITM005,59,195
2025-05-15,ITM005,69,201
2025-06-15,ITM005,80,214
2025-07-15,ITM005,11,207
2025-08-15,ITM005,24,207
2025-09-15,ITM005,78,210
2025-10-15,ITM005,53,184
2025-11-15,ITM005,65,186
2025-12-15,ITM005,10,218
2025-01-15,ITM006,43,13132
2025-02-15,ITM006,32,12018
2025-03-15,ITM006,23,12889
2025-04-15,ITM006,48,12820
2025-05-15,ITM006,74,12261
2025-06-15,ITM006,29,11697
2025-07-15,ITM006,30,12094
2025-08-15,ITM006,77,13004
2025-09-15,ITM006,51,11972
2025-10-15,ITM006,24,13029
2025-11-15,ITM006,49,11374
2025-12-15,ITM006,40,12907
2025-01-15,ITM007,20,7795
2025-02-15,ITM007,72,9037
2025-03-15,ITM007,78,8951
2025-04-15,ITM007,26,8771
2025-05-15,ITM007,80,7930
2025-06-15,ITM007,77,9133
2025-07-15,ITM007,64,9289
2025-08-15,ITM007,79,8933
2025-09-15,ITM007,35,8862
2025-10-15,ITM007,61,9341
2025-11-15,ITM007,57,8394
2025-12-15,ITM007,76,8417
2025-01-15,ITM008,41,1417
2025-02-15,ITM008,53,1356
2025-03-15,ITM008,80,1419
2025-04-15,ITM008,38,1352
2025-05-15,ITM008,17,1418
2025-06-15,ITM008,14,1607
2025-07-15,ITM008,19,1504
2025-08-15,ITM008,45,1550
2025-09-15,ITM008,37,1511
2025-10-15,ITM008,70,1422
2025-11-15,ITM008,70,1592
2025-12-15,ITM008,34,1378
2025-01-15,ITM009,65,3398
2025-02-15,ITM009,62,3476
2025-03-15,ITM009,16,3621
2025-04-15,ITM009,22,3192
2025-05-15,ITM009,53,3710
2025-06-15,ITM009,23,3324
2025-07-15,ITM009,34,3525
2025-08-15,ITM009,27,3445
2025-09-15,ITM009,45,3473
2025-10-15,ITM009,19,3460
2025-11-15,ITM009,80,3218
2025-12-15,ITM009,79,3735
2025-01-15,ITM010,21,2170
2025-02-15,ITM010,40,1866
2025-03-15,ITM010,72,1992
2025-04-15,ITM010,61,2160
2025-05-15,ITM010,31,1951
2025-06-15,ITM010,59,1906
2025-07-15,ITM010,68,1914
2025-08-15,ITM010,72,1861
2025-09-15,ITM010,47,1887
2025-10-15,ITM010,17,2031
2025-11-15,ITM010,79,1824
2025-12-15,ITM010,50,1822
